ModelName;EpochBest;EpochsTotal;Score
arch_32,8;30,16;20,16;10,8_sparse;20;20;0.663662
arch_32,8;30,16;20,16;10,8_sparse_no;20;20;0.650341
arch_32,8;10,16;10,16;9;20;0.636819
arch_32,8;30,16;20,16;10,8;9;20;0.643129
arch_32,8;20,16;10,16;12;20;0.63762
arch_16,8;30,16;20,16;10,8;9;20;0.646334
arch_32,8;30,16;10,16;9;20;0.640124
arch_8,8;30,16;20,16;10,8;9;20;0.642728
arch_16,8;10,16;10,16;8;20;0.647236
arch_8,8;100,16;20,16;10,8;8;20;0.644531
arch_16,8;30,16;10,16;8;20;0.642428
fashion_node_0.0;0.3;13;20;0.903646
fashion_node_0.0;0.3_no;13;20;0.903145
arch_16,8;50,16;10,16;8;20;0.639423
fashion_node_0.3;0.3;17;20;0.902945
fashion_node_0.3;0.3_no;17;20;0.902043
arch_8,8;10,16;10,16;9;20;0.641326
fashion_node_0.0;0.6;12;20;0.90625
fashion_node_0.0;0.6_no;16;20;0.903746
arch_8,8;50,16;10,16;8;20;0.646234
arch_8,8;120,16;10,16;12;20;0.637119
